sample_id,defense,detection_threshold,accepted_after_attack,is_attack_detected,n_squeezers_detected,max_sim_diff,risk_score_add,lr_sim_original,lr_sim_squeezed,lr_sim_diff,lr_detected,cd_sim_original,cd_sim_squeezed,cd_sim_diff,cd_detected,mf_sim_original,mf_sim_squeezed,mf_sim_diff,mf_detected,defense_time_sec
vf_ea54843f0264,feature_squeezing,0.05,False,True,1,0.40597011,10,0.4593991,0.05342899,0.40597011,True,0.4593991,0.41163933,0.04775977,False,0.4593991,0.43395001,0.0254491,False,0.961429
vf_7d3bb72dda48,feature_squeezing,0.05,True,True,1,0.19215566,10,0.52593017,0.33377451,0.19215566,True,0.52593017,0.49408603,0.03184414,False,0.52593017,0.48502606,0.0409041,False,0.35263
vf_b5633cd5a05d,feature_squeezing,0.05,True,True,2,0.69833443,20,0.69783604,-0.00049839,0.69833443,True,0.69783604,0.65499949,0.04283655,False,0.69783604,0.64475137,0.05308467,True,0.372731
vf_4321f23cd7aa,feature_squeezing,0.05,False,True,3,0.35296961,30,0.46160468,0.10863508,0.35296961,True,0.46160468,0.39943665,0.06216803,True,0.46160468,0.40306816,0.05853653,True,0.337181
vf_de3be2e27d53,feature_squeezing,0.05,True,True,1,0.35748339,10,0.47983536,0.12235197,0.35748339,True,0.47983536,0.45326683,0.02656853,False,0.47983536,0.43540284,0.04443252,False,0.34689
vf_090fcb274067,feature_squeezing,0.05,True,True,1,0.23406729,10,0.50400639,0.26993909,0.23406729,True,0.50400639,0.46671608,0.0372903,False,0.50400639,0.46195441,0.04205197,False,0.335098
vf_72be6e8889a8,feature_squeezing,0.05,True,True,2,0.20721251,20,0.53382748,0.32661498,0.20721251,True,0.53382748,0.48242965,0.05139783,True,0.53382748,0.50439709,0.02943039,False,0.356686
vf_3229b831cddf,feature_squeezing,0.05,True,True,2,0.20478332,20,0.48770806,0.28292474,0.20478332,True,0.48770806,0.45284981,0.03485826,False,0.48770806,0.43341875,0.05428931,True,0.423134
vf_c5bf893fcfcd,feature_squeezing,0.05,False,True,2,0.28609037,20,0.47344941,0.18735904,0.28609037,True,0.47344941,0.44055265,0.03289676,False,0.47344941,0.4233332,0.05011621,True,0.398793
vf_c4edf24d3517,feature_squeezing,0.05,False,True,2,0.32654268,20,0.46921083,0.14266816,0.32654268,True,0.46921083,0.43248981,0.03672102,False,0.46921083,0.37409043,0.0951204,True,0.489429
vf_b2ec962e2326,feature_squeezing,0.05,False,True,2,0.15851632,20,0.44046399,0.28194767,0.15851632,True,0.44046399,0.42244333,0.01802066,False,0.44046399,0.36028689,0.0801771,True,0.63206
vf_cc42d41730d5,feature_squeezing,0.05,True,True,2,0.3215217,20,0.59594476,0.27442306,0.3215217,True,0.59594476,0.55508107,0.04086369,False,0.59594476,0.53646982,0.05947495,True,0.44577
vf_8b68c1bd8551,feature_squeezing,0.05,True,True,2,0.28873128,20,0.58052814,0.29179686,0.28873128,True,0.58052814,0.57626784,0.0042603,False,0.58052814,0.52869582,0.05183232,True,0.412281
vf_1580f37c8bca,feature_squeezing,0.05,True,True,1,0.4069653,10,0.56809038,0.16112508,0.4069653,True,0.56809038,0.53646976,0.03162062,False,0.56809038,0.54566324,0.02242714,False,0.361233
vf_5192e29fd3b4,feature_squeezing,0.05,True,True,1,0.36471984,10,0.49430415,0.12958431,0.36471984,True,0.49430415,0.4537077,0.04059646,False,0.49430415,0.46418801,0.03011614,False,0.338629
vf_256d41087135,feature_squeezing,0.05,False,True,3,0.16042411,30,0.47399145,0.31356734,0.16042411,True,0.47399145,0.41771626,0.05627519,True,0.47399145,0.42308617,0.05090529,True,0.361659
vf_75286422bc69,feature_squeezing,0.05,True,True,1,0.41632991,10,0.65036035,0.23403044,0.41632991,True,0.65036035,0.61217862,0.03818172,False,0.65036035,0.61940229,0.03095806,False,0.371955
vf_d0571873a360,feature_squeezing,0.05,True,True,1,0.29868686,10,0.64960194,0.35091507,0.29868686,True,0.64960194,0.6227324,0.02686954,False,0.64960194,0.60892934,0.0406726,False,0.368192
vf_d131f35b4897,feature_squeezing,0.05,True,True,1,0.48252674,10,0.59173751,0.10921077,0.48252674,True,0.59173751,0.55386984,0.03786767,False,0.59173751,0.57175678,0.01998073,False,0.351764
vf_527d834a90c9,feature_squeezing,0.05,True,True,2,0.24997455,20,0.54064083,0.29066628,0.24997455,True,0.54064083,0.51200402,0.02863681,False,0.54064083,0.47679293,0.0638479,True,0.34151
vf_b5a935500105,feature_squeezing,0.05,True,True,2,0.24779013,20,0.55387908,0.30608895,0.24779013,True,0.55387908,0.49671489,0.05716419,True,0.55387908,0.52267122,0.03120786,False,0.358796
vf_de0f6061f493,feature_squeezing,0.05,True,True,2,0.32439648,20,0.49679407,0.1723976,0.32439648,True,0.49679407,0.48971361,0.00708047,False,0.49679407,0.43391624,0.06287783,True,0.403363
vf_6663921a6626,feature_squeezing,0.05,True,True,1,0.11716941,10,0.53202081,0.4148514,0.11716941,True,0.53202081,0.50242531,0.02959549,False,0.53202081,0.50605637,0.02596444,False,0.432549
vf_41c6973c03e0,feature_squeezing,0.05,True,True,1,0.33432049,10,0.48298448,0.148664,0.33432049,True,0.48298448,0.43728891,0.04569557,False,0.48298448,0.45380095,0.02918354,False,0.420625
vf_9acfe905916e,feature_squeezing,0.05,True,True,1,0.10377702,10,0.52045453,0.4166775,0.10377702,True,0.52045453,0.49238187,0.02807266,False,0.52045453,0.51694393,0.00351059,False,0.486619
vf_2f6130d35090,feature_squeezing,0.05,True,True,2,0.15466997,20,0.57751894,0.42284897,0.15466997,True,0.57751894,0.54157817,0.03594077,False,0.57751894,0.50733894,0.07018,True,0.426367
vf_03b510d57c63,feature_squeezing,0.05,True,True,1,0.42579487,10,0.6847592,0.25896433,0.42579487,True,0.6847592,0.66834176,0.01641744,False,0.6847592,0.6359185,0.0488407,False,0.429616
vf_46e08db5e071,feature_squeezing,0.05,True,True,2,0.15210739,20,0.51011944,0.35801205,0.15210739,True,0.51011944,0.50017565,0.00994378,False,0.51011944,0.45738703,0.05273241,True,0.483885
vf_f26efc3bb6c7,feature_squeezing,0.05,True,True,1,0.28151703,10,0.55842996,0.27691293,0.28151703,True,0.55842996,0.53775316,0.02067679,False,0.55842996,0.5214923,0.03693765,False,0.433002
vf_e671675ac227,feature_squeezing,0.05,True,True,2,0.36445346,20,0.49051306,0.12605959,0.36445346,True,0.49051306,0.46131635,0.02919671,False,0.49051306,0.41701412,0.07349893,True,0.373268
vf_97fa354afcb4,feature_squeezing,0.05,True,True,3,0.16465062,30,0.57887578,0.41422516,0.16465062,True,0.57887578,0.51770741,0.06116837,True,0.57887578,0.50662619,0.07224959,True,0.355872
vf_bc1ed0750229,feature_squeezing,0.05,True,True,1,0.14363861,10,0.50937778,0.36573917,0.14363861,True,0.50937778,0.47424564,0.03513214,False,0.50937778,0.46508551,0.04429227,False,0.351863
vf_e275ab08155c,feature_squeezing,0.05,True,True,3,0.13849717,30,0.49607688,0.35757971,0.13849717,True,0.49607688,0.40850589,0.087571,True,0.49607688,0.4458923,0.05018458,True,0.352982
vf_68193fc82496,feature_squeezing,0.05,True,True,3,0.45729627,30,0.53568834,0.07839207,0.45729627,True,0.53568834,0.48282748,0.05286086,True,0.53568834,0.46204215,0.07364619,True,0.368977
vf_fd2dc09a4922,feature_squeezing,0.05,True,True,1,0.24745455,10,0.50137103,0.25391647,0.24745455,True,0.50137103,0.4683125,0.03305852,False,0.50137103,0.47349682,0.0278742,False,0.37051
vf_5ceb016afb70,feature_squeezing,0.05,True,True,3,0.66869217,30,0.48819858,-0.18049359,0.66869217,True,0.48819858,0.43172747,0.05647111,True,0.48819858,0.41687223,0.07132635,True,0.362954
vf_1fe2e3fe83ec,feature_squeezing,0.05,True,True,2,0.31146631,20,0.65094602,0.33947971,0.31146631,True,0.65094602,0.62080228,0.03014374,False,0.65094602,0.59051627,0.06042975,True,0.378194
vf_72324ad0e227,feature_squeezing,0.05,True,True,3,0.52476491,30,0.49328721,-0.0314777,0.52476491,True,0.49328721,0.43743974,0.05584747,True,0.49328721,0.35701403,0.13627318,True,0.366528
vf_3f32d29a8cee,feature_squeezing,0.05,True,True,1,0.15560824,10,0.50621539,0.35060716,0.15560824,True,0.50621539,0.48611334,0.02010205,False,0.50621539,0.47759542,0.02861997,False,0.351917
vf_07ec11b48deb,feature_squeezing,0.05,True,True,3,0.28836557,30,0.48058242,0.19221684,0.28836557,True,0.48058242,0.42803532,0.0525471,True,0.48058242,0.40926784,0.07131457,True,0.486612
vf_e612aaf13640,feature_squeezing,0.05,False,True,2,0.70609306,20,0.46986148,-0.23623158,0.70609306,True,0.46986148,0.44697773,0.02288374,False,0.46986148,0.37483346,0.09502801,True,0.377396
vf_41614476c16e,feature_squeezing,0.05,False,True,2,0.25680083,20,0.47257304,0.21577221,0.25680083,True,0.47257304,0.43940794,0.0331651,False,0.47257304,0.42235565,0.05021739,True,0.350425
vf_9d4939f90db1,feature_squeezing,0.05,True,True,2,0.39494282,20,0.76164943,0.36670661,0.39494282,True,0.76164943,0.7264781,0.03517133,False,0.76164943,0.70352721,0.05812222,True,0.355497
vf_3bb8e110c38d,feature_squeezing,0.05,False,True,2,0.50875023,20,0.45437643,-0.0543738,0.50875023,True,0.45437643,0.42344347,0.03093296,False,0.45437643,0.39961725,0.05475917,True,0.351897
vf_67de95f8645a,feature_squeezing,0.05,True,True,1,0.27174965,10,0.54405886,0.27230921,0.27174965,True,0.54405886,0.53280902,0.01124984,False,0.54405886,0.50797123,0.03608763,False,0.352251
vf_7678ec274d7c,feature_squeezing,0.05,True,True,1,0.51979236,10,0.58916825,0.06937589,0.51979236,True,0.58916825,0.5469358,0.04223245,False,0.58916825,0.54567099,0.04349726,False,0.350604
vf_77929c8ec426,feature_squeezing,0.05,True,True,1,0.2723133,10,0.62700939,0.35469609,0.2723133,True,0.62700939,0.59430856,0.03270084,False,0.62700939,0.58351916,0.04349023,False,0.389802
vf_2e9c27c13851,feature_squeezing,0.05,False,True,2,0.43803627,20,0.46530131,0.02726503,0.43803627,True,0.46530131,0.41935304,0.04594827,False,0.46530131,0.38654891,0.0787524,True,0.417849
vf_5a94edcabb77,feature_squeezing,0.05,True,True,3,0.88239096,30,0.85273051,-0.02966045,0.88239096,True,0.85273051,0.80112946,0.05160105,True,0.85273051,0.7807731,0.07195741,True,0.344831
vf_52d06780daa5,feature_squeezing,0.05,True,True,3,0.45226144,30,0.57500362,0.12274218,0.45226144,True,0.57500362,0.50666392,0.06833971,True,0.57500362,0.49840629,0.07659733,True,0.359975
vf_a68bec247b5f,feature_squeezing,0.05,True,True,2,0.41190626,20,0.51708746,0.1051812,0.41190626,True,0.51708746,0.46745074,0.04963672,False,0.51708746,0.4372527,0.07983476,True,0.422059
vf_b2db9c409315,feature_squeezing,0.05,True,True,2,0.45289925,20,0.61280626,0.15990701,0.45289925,True,0.61280626,0.56507868,0.04772758,False,0.61280626,0.55887616,0.0539301,True,0.354715
vf_d4a4986c9b43,feature_squeezing,0.05,True,True,2,0.30768614,20,0.49036503,0.18267889,0.30768614,True,0.49036503,0.42399824,0.06636679,True,0.49036503,0.44116193,0.0492031,False,0.37667
vf_48af2e6e91f3,feature_squeezing,0.05,True,True,2,0.34293896,20,0.61002445,0.26708549,0.34293896,True,0.61002445,0.57008636,0.03993809,False,0.61002445,0.55670226,0.0533222,True,0.34775
vf_1a4a35393e20,feature_squeezing,0.05,True,True,2,0.32247248,20,0.64751679,0.3250443,0.32247248,True,0.64751679,0.58241886,0.06509793,True,0.64751679,0.60513532,0.04238147,False,0.374111
vf_69175dbfa8d3,feature_squeezing,0.05,True,True,2,0.3296819,20,0.63731933,0.30763742,0.3296819,True,0.63731933,0.58823574,0.04908359,False,0.63731933,0.5695163,0.06780303,True,0.377062
vf_c81119d6f007,feature_squeezing,0.05,True,True,3,0.3824876,30,0.59527409,0.2127865,0.3824876,True,0.59527409,0.53965968,0.05561441,True,0.59527409,0.53876871,0.05650538,True,0.342279
vf_498718c6771b,feature_squeezing,0.05,True,True,3,0.38770199,30,0.53963292,0.15193093,0.38770199,True,0.53963292,0.48733208,0.05230084,True,0.53963292,0.48864463,0.05098829,True,0.344442
vf_e107de7de7da,feature_squeezing,0.05,True,True,2,0.43170354,20,0.59028733,0.15858379,0.43170354,True,0.59028733,0.54775447,0.04253286,False,0.59028733,0.49926713,0.0910202,True,0.35973
vf_a23252c49cc4,feature_squeezing,0.05,True,True,1,0.19124106,10,0.54455751,0.35331646,0.19124106,True,0.54455751,0.52474618,0.01981133,False,0.54455751,0.50096738,0.04359013,False,0.465767
vf_2c466f39d332,feature_squeezing,0.05,True,True,2,0.47737728,20,0.56392252,0.08654524,0.47737728,True,0.56392252,0.5236066,0.04031593,False,0.56392252,0.50244099,0.06148154,True,0.377501
vf_f57c19c5dea3,feature_squeezing,0.05,False,True,2,0.22253513,20,0.47401795,0.25148281,0.22253513,True,0.47401795,0.44272411,0.03129384,False,0.47401795,0.41077286,0.06324509,True,0.370001
vf_a8e2b921c5b6,feature_squeezing,0.05,False,True,2,0.09083679,20,0.43004632,0.35563487,0.07441145,True,0.43004632,0.40000737,0.03003895,False,0.43004632,0.33920953,0.09083679,True,0.381053
vf_13a12934ff67,feature_squeezing,0.05,False,True,2,0.35801101,20,0.45301235,0.09500134,0.35801101,True,0.45301235,0.42232358,0.03068876,False,0.45301235,0.39708161,0.05593073,True,0.351659
vf_5820ea90f485,feature_squeezing,0.05,False,True,2,0.50169808,20,0.39753827,-0.10415981,0.50169808,True,0.39753827,0.34833297,0.0492053,False,0.39753827,0.31914222,0.07839605,True,0.389302
vf_2930b537e255,feature_squeezing,0.05,True,True,2,0.26034981,20,0.5750457,0.31469589,0.26034981,True,0.5750457,0.55333948,0.02170622,False,0.5750457,0.49479881,0.0802469,True,0.375071
vf_eb469b686ce7,feature_squeezing,0.05,False,True,3,0.43118336,30,0.46973717,0.03855381,0.43118336,True,0.46973717,0.41555688,0.05418029,True,0.46973717,0.41089612,0.05884105,True,0.37061
vf_02078c82c5db,feature_squeezing,0.05,True,True,2,0.4152379,20,0.71012312,0.29488522,0.4152379,True,0.71012312,0.66646028,0.04366285,False,0.71012312,0.63644695,0.07367617,True,0.35577
vf_81ae781b218a,feature_squeezing,0.05,False,True,3,0.39818406,30,0.44783095,0.04964688,0.39818406,True,0.44783095,0.39079675,0.05703419,True,0.44783095,0.38216493,0.06566602,True,0.342249
vf_c3984b058a86,feature_squeezing,0.05,False,True,2,0.24842758,20,0.35777718,0.1093496,0.24842758,True,0.35777718,0.32344681,0.03433037,False,0.35777718,0.23629346,0.12148371,True,0.429031
vf_3f651fc8ba9f,feature_squeezing,0.05,True,True,2,0.39351094,20,0.70092881,0.30741787,0.39351094,True,0.70092881,0.66726631,0.0336625,False,0.70092881,0.6341337,0.06679511,True,0.36346
vf_5e27ff52cbc6,feature_squeezing,0.05,True,True,1,0.48727253,10,0.66758567,0.18031314,0.48727253,True,0.66758567,0.63505191,0.03253376,False,0.66758567,0.62986863,0.03771704,False,0.346216
vf_9ace921f0225,feature_squeezing,0.05,True,True,1,0.45079082,10,0.59128428,0.14049345,0.45079082,True,0.59128428,0.54342765,0.04785663,False,0.59128428,0.54784799,0.04343629,False,0.369627
vf_30e8c64b814c,feature_squeezing,0.05,True,True,3,0.28280199,30,0.62246752,0.33966553,0.28280199,True,0.62246752,0.55319059,0.06927693,True,0.62246752,0.54606056,0.07640696,True,0.348315
vf_32404cabc23c,feature_squeezing,0.05,True,True,1,0.50184037,10,0.74971253,0.24787216,0.50184037,True,0.74971253,0.70958567,0.04012686,False,0.74971253,0.71376979,0.03594273,False,0.348892
vf_53d46e8db10e,feature_squeezing,0.05,True,True,3,0.17296711,30,0.48609057,0.31312346,0.17296711,True,0.48609057,0.43018278,0.05590779,True,0.48609057,0.43031153,0.05577904,True,0.36339
vf_d694167e9725,feature_squeezing,0.05,False,True,1,0.1353631,10,0.44271356,0.30735046,0.1353631,True,0.44271356,0.39485559,0.04785797,False,0.44271356,0.41367373,0.02903983,False,0.351622
vf_07cf156bd5b2,feature_squeezing,0.05,True,True,1,0.40304741,10,0.76901895,0.36597154,0.40304741,True,0.76901895,0.73141193,0.03760701,False,0.76901895,0.72072613,0.04829282,False,0.36388
vf_88daab4b79fc,feature_squeezing,0.05,False,True,2,0.37527438,20,0.42918509,0.05391072,0.37527438,True,0.42918509,0.36668798,0.06249711,True,0.42918509,0.38087204,0.04831305,False,0.362343
vf_3c0c901eb282,feature_squeezing,0.05,True,True,1,0.55758253,10,0.69724667,0.13966414,0.55758253,True,0.69724667,0.65368611,0.04356056,False,0.69724667,0.66487443,0.03237224,False,0.352065
vf_27aca419b7af,feature_squeezing,0.05,True,True,3,0.3773239,30,0.70048028,0.32315639,0.3773239,True,0.70048028,0.64544642,0.05503386,True,0.70048028,0.63518053,0.06529975,True,0.348002
vf_a282ca20f9db,feature_squeezing,0.05,True,True,3,0.30378547,30,0.5338518,0.23006633,0.30378547,True,0.5338518,0.47724551,0.05660629,True,0.5338518,0.45169115,0.08216065,True,0.361809
vf_5161d764390e,feature_squeezing,0.05,False,True,3,0.332668,30,0.40393558,0.07126758,0.332668,True,0.40393558,0.34715378,0.0567818,True,0.40393558,0.31450009,0.08943549,True,0.344824
vf_b7984d7baebe,feature_squeezing,0.05,True,True,2,0.32599604,20,0.65716189,0.33116585,0.32599604,True,0.65716189,0.5967651,0.06039679,True,0.65716189,0.61926031,0.03790158,False,0.36193
vf_517bc045f993,feature_squeezing,0.05,True,True,3,0.35676898,30,0.53772897,0.18095998,0.35676898,True,0.53772897,0.45054543,0.08718354,True,0.53772897,0.4823291,0.05539986,True,0.375427
vf_7115de04e344,feature_squeezing,0.05,True,True,2,0.44557072,20,0.64312524,0.19755451,0.44557072,True,0.64312524,0.61483014,0.0282951,False,0.64312524,0.57745707,0.06566817,True,0.376458
vf_11499d8bd2f2,feature_squeezing,0.05,False,True,2,0.37403726,20,0.42546353,0.05142627,0.37403726,True,0.42546353,0.38649759,0.03896594,False,0.42546353,0.3698239,0.05563962,True,0.354251
vf_0c740ed362fa,feature_squeezing,0.05,True,True,2,0.22533458,20,0.66029459,0.43496001,0.22533458,True,0.66029459,0.60626978,0.05402482,True,0.66029459,0.62673008,0.03356451,False,0.363794
vf_da425b64a666,feature_squeezing,0.05,True,True,2,0.26096442,20,0.54449701,0.28353259,0.26096442,True,0.54449701,0.51069605,0.03380096,False,0.54449701,0.47401595,0.07048106,True,0.347587
vf_7234807594c7,feature_squeezing,0.05,True,True,1,0.40639263,10,0.57966363,0.173271,0.40639263,True,0.57966363,0.54250878,0.03715485,False,0.57966363,0.53767443,0.04198921,False,0.37697
vf_5e55848a9327,feature_squeezing,0.05,True,True,1,0.18916827,10,0.62548357,0.4363153,0.18916827,True,0.62548357,0.58365852,0.04182506,False,0.62548357,0.60623908,0.01924449,False,0.371685
vf_bc6f07cdfb64,feature_squeezing,0.05,True,True,2,0.25365713,20,0.7214722,0.46781507,0.25365713,True,0.7214722,0.67353535,0.04793686,False,0.7214722,0.63781315,0.08365905,True,0.364318
vf_c881dcaacc5c,feature_squeezing,0.05,True,True,2,0.52184647,20,0.80284739,0.28100091,0.52184647,True,0.80284739,0.78056735,0.02228004,False,0.80284739,0.74876678,0.05408061,True,0.35297
vf_7067569a1052,feature_squeezing,0.05,True,True,2,0.24202237,20,0.62827718,0.38625482,0.24202237,True,0.62827718,0.60378724,0.02448994,False,0.62827718,0.5728209,0.05545628,True,0.357986
vf_6f5a7ccd035b,feature_squeezing,0.05,False,True,2,0.36992713,20,0.45193756,0.08201043,0.36992713,True,0.45193756,0.41894263,0.03299493,False,0.45193756,0.39790189,0.05403566,True,0.364838
vf_69347058fea9,feature_squeezing,0.05,True,True,2,0.39855927,20,0.66382629,0.26526701,0.39855927,True,0.66382629,0.63099027,0.03283602,False,0.66382629,0.61285716,0.05096912,True,0.348534
vf_7adbcba2f659,feature_squeezing,0.05,True,True,2,0.4849055,20,0.60974216,0.12483666,0.4849055,True,0.60974216,0.58570367,0.02403849,False,0.60974216,0.53162217,0.07811999,True,0.36212
vf_813b582996b0,feature_squeezing,0.05,True,True,3,0.27160332,30,0.72140396,0.44980064,0.27160332,True,0.72140396,0.64760751,0.07379645,True,0.72140396,0.65810895,0.06329501,True,0.370777
vf_6b0e24ee0c42,feature_squeezing,0.05,True,True,2,0.24240682,20,0.62422049,0.38181368,0.24240682,True,0.62422049,0.57611668,0.04810381,False,0.62422049,0.5691967,0.05502379,True,0.361383
vf_2b633530dc06,feature_squeezing,0.05,True,True,3,0.25238329,30,0.64781165,0.39542836,0.25238329,True,0.64781165,0.55822247,0.08958918,True,0.64781165,0.58152366,0.06628799,True,0.36807
vf_5f9215622b13,feature_squeezing,0.05,True,True,3,0.5343763,30,0.48630953,-0.04806677,0.5343763,True,0.48630953,0.41790983,0.0683997,True,0.48630953,0.42855337,0.05775616,True,0.363185
vf_b17c86a3ea19,feature_squeezing,0.05,True,True,3,0.25394601,30,0.50978082,0.25583482,0.25394601,True,0.50978082,0.4384391,0.07134172,True,0.50978082,0.45117408,0.05860674,True,0.369233
vf_f1d0486172a0,feature_squeezing,0.05,True,True,3,0.59905714,30,0.68940109,0.09034395,0.59905714,True,0.68940109,0.6228205,0.06658059,True,0.68940109,0.61916757,0.07023352,True,0.371673
vf_5fefae7baf11,feature_squeezing,0.05,True,True,1,0.30275622,10,0.58810425,0.28534803,0.30275622,True,0.58810425,0.55689478,0.03120947,False,0.58810425,0.55288297,0.03522128,False,0.366876
vf_6929e956eb55,feature_squeezing,0.05,False,True,2,0.2117005,20,0.40261775,0.19091725,0.2117005,True,0.40261775,0.3578082,0.04480955,False,0.40261775,0.34308034,0.05953741,True,0.350825
vf_d6bbc36eb3a1,feature_squeezing,0.05,True,True,2,0.79856884,20,0.62649572,-0.17207313,0.79856884,True,0.62649572,0.60353202,0.0229637,False,0.62649572,0.54804832,0.0784474,True,0.431484
vf_e57b102395f1,feature_squeezing,0.05,True,True,3,0.48671078,30,0.542292,0.05558122,0.48671078,True,0.542292,0.45040393,0.09188807,True,0.542292,0.47762483,0.06466717,True,0.35194
vf_6de98ee3f79f,feature_squeezing,0.05,True,True,2,0.22426236,20,0.48942947,0.26516712,0.22426236,True,0.48942947,0.42827529,0.06115419,True,0.48942947,0.45230213,0.03712735,False,0.377458
vf_2322685d98ee,feature_squeezing,0.05,True,True,2,0.43363317,20,0.48146623,0.04783306,0.43363317,True,0.48146623,0.40990222,0.07156402,True,0.48146623,0.43600592,0.04546031,False,0.384407
vf_706e2b75254c,feature_squeezing,0.05,True,True,2,0.41706783,20,0.78762037,0.37055254,0.41706783,True,0.78762037,0.74831247,0.03930789,False,0.78762037,0.71948922,0.06813115,True,0.367502
vf_27cbdaa2d10a,feature_squeezing,0.05,False,True,2,0.30143362,20,0.4388282,0.13739458,0.30143362,True,0.4388282,0.41222775,0.02660045,False,0.4388282,0.34852734,0.09030086,True,0.36875
vf_34c04a49a43f,feature_squeezing,0.05,True,True,3,0.65885162,30,0.62508571,-0.03376591,0.65885162,True,0.62508571,0.55588037,0.06920534,True,0.62508571,0.48509941,0.13998631,True,0.348963
vf_8fd0ba6d5a59,feature_squeezing,0.05,True,True,1,0.20174006,10,0.58670843,0.38496837,0.20174006,True,0.58670843,0.55523783,0.0314706,False,0.58670843,0.54986268,0.03684574,False,0.357736
vf_6a63f157f962,feature_squeezing,0.05,True,True,3,0.41813447,30,0.6222719,0.20413743,0.41813447,True,0.6222719,0.56345934,0.05881256,True,0.6222719,0.53898495,0.08328694,True,0.392906
vf_fc3d91e52d0c,feature_squeezing,0.05,True,True,2,0.83382787,20,0.60694122,-0.22688664,0.83382787,True,0.60694122,0.5630393,0.04390192,False,0.60694122,0.51860535,0.08833587,True,0.367918
vf_c5ad29a93239,feature_squeezing,0.05,True,True,2,0.52403341,20,0.4919723,-0.03206111,0.52403341,True,0.4919723,0.44352925,0.04844305,False,0.4919723,0.42528456,0.06668773,True,0.364147
vf_fb9fc409e7cd,feature_squeezing,0.05,True,True,1,0.20383352,10,0.52741891,0.32358539,0.20383352,True,0.52741891,0.51268548,0.01473343,False,0.52741891,0.47852656,0.04889235,False,0.352185
vf_6be53278bc7b,feature_squeezing,0.05,False,True,3,0.26305322,30,0.4424099,0.17935668,0.26305322,True,0.4424099,0.35638112,0.08602878,True,0.4424099,0.32819468,0.11421522,True,0.346373
vf_0e5d5858de2b,feature_squeezing,0.05,True,True,1,0.46193264,10,0.51396734,0.05203469,0.46193264,True,0.51396734,0.48881245,0.02515489,False,0.51396734,0.47460806,0.03935927,False,0.334259
vf_93abc506fb23,feature_squeezing,0.05,True,True,2,0.36537504,20,0.61170793,0.24633288,0.36537504,True,0.61170793,0.57990885,0.03179908,False,0.61170793,0.55001509,0.06169283,True,0.37137
vf_fac2e7818510,feature_squeezing,0.05,True,True,2,0.47452423,20,0.85301054,0.37848631,0.47452423,True,0.85301054,0.82247365,0.03053689,False,0.85301054,0.787009,0.06600153,True,0.348924
vf_13d5d3fae321,feature_squeezing,0.05,True,True,3,0.6209763,30,0.57804531,-0.04293099,0.6209763,True,0.57804531,0.52201599,0.05602932,True,0.57804531,0.50820625,0.06983906,True,0.356346
vf_34d3aacf6835,feature_squeezing,0.05,True,True,2,0.39782137,20,0.69334275,0.29552138,0.39782137,True,0.69334275,0.67475021,0.01859254,False,0.69334275,0.61833119,0.07501155,True,0.357116
vf_7dba6446a3fd,feature_squeezing,0.05,True,True,1,0.54895854,10,0.48977059,-0.05918795,0.54895854,True,0.48977059,0.45680371,0.03296688,False,0.48977059,0.464724,0.02504659,False,0.354303
vf_87b25b3220a2,feature_squeezing,0.05,True,True,2,0.3768473,20,0.53028208,0.15343478,0.3768473,True,0.53028208,0.48197338,0.0483087,False,0.53028208,0.47692972,0.05335236,True,0.340402
vf_be41f89ac067,feature_squeezing,0.05,True,True,3,0.54690583,30,0.61463392,0.06772809,0.54690583,True,0.61463392,0.56201303,0.05262089,True,0.61463392,0.56327611,0.05135781,True,0.347426
vf_2b57f4beca06,feature_squeezing,0.05,True,True,2,0.28299829,20,0.64625371,0.36325541,0.28299829,True,0.64625371,0.6079843,0.0382694,False,0.64625371,0.59239161,0.05386209,True,0.35509
vf_a60b00595fd9,feature_squeezing,0.05,True,True,3,0.46540233,30,0.50037992,0.03497759,0.46540233,True,0.50037992,0.43963766,0.06074226,True,0.50037992,0.40570074,0.09467918,True,0.352677
vf_0591f2a2c339,feature_squeezing,0.05,True,True,2,0.92442086,20,0.88146496,-0.0429559,0.92442086,True,0.88146496,0.84430969,0.03715527,False,0.88146496,0.8046822,0.07678276,True,0.347203
vf_d6917f1f0a42,feature_squeezing,0.05,True,True,3,0.46884896,30,0.59695071,0.12810175,0.46884896,True,0.59695071,0.50877851,0.0881722,True,0.59695071,0.51401597,0.08293474,True,0.365687
vf_959f46c9c7af,feature_squeezing,0.05,True,True,3,0.45200741,30,0.54770464,0.09569722,0.45200741,True,0.54770464,0.48639333,0.0613113,True,0.54770464,0.45791996,0.08978468,True,0.363061
vf_26e61d74d27f,feature_squeezing,0.05,True,True,2,0.48822878,20,0.6393522,0.15112342,0.48822878,True,0.6393522,0.5902428,0.0491094,False,0.6393522,0.57874393,0.06060827,True,0.348222
vf_42a4f8a1f5fe,feature_squeezing,0.05,True,True,3,0.34140585,30,0.51401764,0.17261179,0.34140585,True,0.51401764,0.43820399,0.07581365,True,0.51401764,0.45535225,0.05866539,True,0.342898
vf_c241d9ece98e,feature_squeezing,0.05,True,True,3,0.34510532,30,0.64413863,0.29903331,0.34510532,True,0.64413863,0.57811451,0.06602412,True,0.64413863,0.5730111,0.07112753,True,0.365779
vf_58246b8715b4,feature_squeezing,0.05,True,True,3,0.33834606,30,0.67302829,0.33468223,0.33834606,True,0.67302829,0.60405052,0.06897777,True,0.67302829,0.61957926,0.05344903,True,0.415717
vf_47f2fcecb685,feature_squeezing,0.05,True,True,2,0.34249276,20,0.65375811,0.31126535,0.34249276,True,0.65375811,0.60686415,0.04689395,False,0.65375811,0.5701803,0.08357781,True,0.361441
vf_5763c567fa7f,feature_squeezing,0.05,True,True,3,0.40758967,30,0.62133402,0.21374434,0.40758967,True,0.62133402,0.53889263,0.08244139,True,0.62133402,0.55186403,0.06946999,True,0.445126
vf_53041ab01867,feature_squeezing,0.05,True,True,3,0.41089891,30,0.56838417,0.15748526,0.41089891,True,0.56838417,0.51338351,0.05500066,True,0.56838417,0.50308013,0.06530404,True,0.382142
vf_79a6a001672e,feature_squeezing,0.05,True,True,3,0.46662913,30,0.61619002,0.14956088,0.46662913,True,0.61619002,0.55010456,0.06608546,True,0.61619002,0.4978216,0.11836842,True,0.381284
vf_5ac12474b323,feature_squeezing,0.05,True,True,3,0.22244209,30,0.56827426,0.34583217,0.22244209,True,0.56827426,0.49540552,0.07286873,True,0.56827426,0.50597048,0.06230378,True,0.375465
vf_6ebbe2b8ba39,feature_squeezing,0.05,True,True,2,0.50944297,20,0.58929801,0.07985504,0.50944297,True,0.58929801,0.54052985,0.04876816,False,0.58929801,0.51046884,0.07882917,True,0.356396
vf_41d07a4257d6,feature_squeezing,0.05,True,True,2,0.27478939,20,0.52429014,0.24950075,0.27478939,True,0.52429014,0.47889873,0.04539141,False,0.52429014,0.43423373,0.09005642,True,0.353271
vf_d8af3b18e907,feature_squeezing,0.05,False,True,2,0.1045841,20,0.46197733,0.38121396,0.08076337,True,0.46197733,0.42734635,0.03463098,False,0.46197733,0.35739323,0.1045841,True,0.360973
vf_d4a4df257b90,feature_squeezing,0.05,False,True,2,0.39767987,20,0.47845125,0.08077138,0.39767987,True,0.47845125,0.44392499,0.03452626,False,0.47845125,0.40926659,0.06918466,True,0.36299
vf_922f98628366,feature_squeezing,0.05,False,True,3,0.53533998,30,0.42300171,-0.11233827,0.53533998,True,0.42300171,0.36181441,0.0611873,True,0.42300171,0.3316381,0.09136361,True,0.393468
vf_45c024f9f2db,feature_squeezing,0.05,True,True,2,0.29250461,20,0.59601438,0.30350977,0.29250461,True,0.59601438,0.570885,0.02512938,False,0.59601438,0.4975332,0.09848118,True,0.364431
vf_b67eae4dddb8,feature_squeezing,0.05,True,True,3,0.46676833,30,0.50815326,0.04138493,0.46676833,True,0.50815326,0.4305146,0.07763866,True,0.50815326,0.43299913,0.07515413,True,0.389482
vf_f4ee66182b4f,feature_squeezing,0.05,True,True,2,0.43942547,20,0.73281974,0.29339427,0.43942547,True,0.73281974,0.68638754,0.0464322,False,0.73281974,0.6530211,0.07979864,True,0.352979
vf_54c2d66704ac,feature_squeezing,0.05,False,True,3,0.42833013,30,0.4710516,0.04272147,0.42833013,True,0.4710516,0.40857551,0.0624761,True,0.4710516,0.38452643,0.08652517,True,0.351211
vf_4e7e4e82c77e,feature_squeezing,0.05,False,True,2,0.26539878,20,0.38553023,0.12013146,0.26539878,True,0.38553023,0.34049153,0.0450387,False,0.38553023,0.22777967,0.15775056,True,0.452352
vf_d10f9693dc4f,feature_squeezing,0.05,True,True,2,0.41527888,20,0.73116088,0.315882,0.41527888,True,0.73116088,0.69291598,0.0382449,False,0.73116088,0.65335053,0.07781035,True,0.331971
vf_55533266ecd5,feature_squeezing,0.05,True,True,1,0.51914108,10,0.69456941,0.17542833,0.51914108,True,0.69456941,0.67104697,0.02352244,False,0.69456941,0.64852476,0.04604465,False,0.351474
vf_5cd9fd7e47e8,feature_squeezing,0.05,True,True,2,0.45273562,20,0.59839737,0.14566176,0.45273562,True,0.59839737,0.54327035,0.05512702,True,0.59839737,0.54979587,0.04860151,False,0.347463
vf_ec206adff666,feature_squeezing,0.05,True,True,3,0.34339407,30,0.67741048,0.33401641,0.34339407,True,0.67741048,0.58866811,0.08874238,True,0.67741048,0.57279867,0.10461181,True,0.357903
vf_bbeaebe04885,feature_squeezing,0.05,True,True,2,0.51962888,20,0.76400495,0.24437606,0.51962888,True,0.76400495,0.71260983,0.05139512,True,0.76400495,0.7238273,0.04017764,False,0.361207
vf_7652d6a8e675,feature_squeezing,0.05,True,True,3,0.20117402,30,0.51003885,0.30886483,0.20117402,True,0.51003885,0.44140142,0.06863743,True,0.51003885,0.44483703,0.06520182,True,0.358838
vf_f6bada306d92,feature_squeezing,0.05,True,True,2,0.18401486,20,0.49414748,0.31013262,0.18401486,True,0.49414748,0.42266887,0.07147861,True,0.49414748,0.45580679,0.03834069,False,0.348311
vf_53873bf16646,feature_squeezing,0.05,True,True,3,0.40040138,30,0.78419292,0.38379154,0.40040138,True,0.78419292,0.71809757,0.06609535,True,0.78419292,0.7270599,0.05713302,True,0.340794
vf_5a83e8acf964,feature_squeezing,0.05,False,True,3,0.39901668,30,0.44419223,0.04517555,0.39901668,True,0.44419223,0.37945816,0.06473407,True,0.44419223,0.38771015,0.05648208,True,0.358325
vf_05ba8a308d75,feature_squeezing,0.05,True,True,2,0.59148222,20,0.73503917,0.14355695,0.59148222,True,0.73503917,0.67858756,0.05645162,True,0.73503917,0.69235015,0.04268903,False,0.351611
vf_b4ebef03d306,feature_squeezing,0.05,True,True,3,0.41495422,30,0.73903334,0.32407913,0.41495422,True,0.73903334,0.68045688,0.05857646,True,0.73903334,0.63732088,0.10171247,True,0.349657
vf_e220046b18ce,feature_squeezing,0.05,True,True,3,0.32379819,30,0.56719261,0.24339442,0.32379819,True,0.56719261,0.5071246,0.06006801,True,0.56719261,0.46777487,0.09941775,True,0.34384
vf_6e30a0127ed0,feature_squeezing,0.05,False,True,3,0.36332557,30,0.42853504,0.06520947,0.36332557,True,0.42853504,0.37041435,0.0581207,True,0.42853504,0.31896383,0.10957122,True,0.349794
vf_a979d26e1a66,feature_squeezing,0.05,False,True,3,0.17100137,30,0.37494484,0.20394346,0.17100137,True,0.37494484,0.31251439,0.06243044,True,0.37494484,0.31895313,0.05599171,True,0.349122
vf_2bdece140a8f,feature_squeezing,0.05,True,True,2,0.3381207,20,0.66562909,0.32750839,0.3381207,True,0.66562909,0.589683,0.07594609,True,0.66562909,0.62711948,0.03850961,False,0.366229
vf_3ea6819ccdfe,feature_squeezing,0.05,True,True,3,0.38782427,30,0.56291711,0.17509285,0.38782427,True,0.56291711,0.45885068,0.10406643,True,0.56291711,0.49625725,0.06665987,True,0.355753
vf_ec311dd6967c,feature_squeezing,0.05,True,True,2,0.46182029,20,0.6745736,0.21275331,0.46182029,True,0.6745736,0.65957654,0.01499707,False,0.6745736,0.58709782,0.08747578,True,0.342238
vf_e7897ae417d0,feature_squeezing,0.05,False,True,3,0.39712859,30,0.45378464,0.05665606,0.39712859,True,0.45378464,0.3963334,0.05745125,True,0.45378464,0.38165283,0.07213181,True,0.336951
vf_44fcd2d6e120,feature_squeezing,0.05,True,True,2,0.2571699,20,0.69437557,0.43720567,0.2571699,True,0.69437557,0.64246762,0.05190796,True,0.69437557,0.65016758,0.04420799,False,0.344212
vf_369a060108c8,feature_squeezing,0.05,True,True,3,0.30021489,30,0.57746184,0.27724695,0.30021489,True,0.57746184,0.5120095,0.06545234,True,0.57746184,0.49681413,0.08064771,True,0.347681
vf_e4724842b3b3,feature_squeezing,0.05,True,True,2,0.42667229,20,0.60832047,0.18164818,0.42667229,True,0.60832047,0.56249058,0.04582989,False,0.60832047,0.5504387,0.05788177,True,0.363068
vf_018e3df2e135,feature_squeezing,0.05,True,True,1,0.23418412,10,0.65958399,0.42539987,0.23418412,True,0.65958399,0.61927438,0.04030961,False,0.65958399,0.61674589,0.0428381,False,0.356214
vf_7b46e66fb249,feature_squeezing,0.05,True,True,3,0.26937163,30,0.73266679,0.46329516,0.26937163,True,0.73266679,0.6743117,0.05835509,True,0.73266679,0.63397098,0.09869581,True,0.326399
vf_a034b22c4586,feature_squeezing,0.05,True,True,2,0.54187644,20,0.82533801,0.28346157,0.54187644,True,0.82533801,0.79441094,0.03092706,False,0.82533801,0.75537086,0.06996715,True,0.327319
vf_10244b48ba4d,feature_squeezing,0.05,False,True,3,0.31440352,30,0.36965066,0.05524714,0.31440352,True,0.36965066,0.26630026,0.1033504,True,0.36965066,0.28662363,0.08302703,True,0.360275
vf_d12e13d84c24,feature_squeezing,0.05,True,True,2,0.26512879,20,0.65506887,0.38994008,0.26512879,True,0.65506887,0.6218816,0.03318727,False,0.65506887,0.59321505,0.06185383,True,0.332162
vf_189241d1fe52,feature_squeezing,0.05,False,True,2,0.10163796,20,0.37350142,0.29165801,0.08184341,True,0.37350142,0.35469019,0.01881123,False,0.37350142,0.27186346,0.10163796,True,0.334901
vf_5eefde1bcecb,feature_squeezing,0.05,False,True,3,0.27285774,30,0.39909858,0.12624083,0.27285774,True,0.39909858,0.31027871,0.08881986,True,0.39909858,0.33061093,0.06848764,True,0.33307
vf_c563ee357bd2,feature_squeezing,0.05,True,True,3,0.42784905,30,0.51734263,0.08949357,0.42784905,True,0.51734263,0.46645704,0.05088559,True,0.51734263,0.45942876,0.05791387,True,0.339406
vf_695ced84ba67,feature_squeezing,0.05,True,True,2,0.44007133,20,0.68722934,0.24715801,0.44007133,True,0.68722934,0.64189267,0.04533666,False,0.68722934,0.62617534,0.06105399,True,0.361191
vf_fe96e4dc637f,feature_squeezing,0.05,True,True,2,0.52448547,20,0.64093357,0.1164481,0.52448547,True,0.64093357,0.59529364,0.04563993,False,0.64093357,0.55124855,0.08968502,True,0.406209
vf_a067ba70aba2,feature_squeezing,0.05,False,True,2,0.32350616,20,0.3681502,0.04464404,0.32350616,True,0.3681502,0.2673676,0.1007826,True,0.3681502,0.32242808,0.04572213,False,0.364469
vf_c99f6339f4b2,feature_squeezing,0.05,True,True,3,0.31032872,30,0.75582576,0.44549704,0.31032872,True,0.75582576,0.67773461,0.07809114,True,0.75582576,0.67530817,0.08051759,True,0.35432
vf_8adc8a6b5049,feature_squeezing,0.05,True,True,3,0.28294402,30,0.64851952,0.36557549,0.28294402,True,0.64851952,0.59318119,0.05533832,True,0.64851952,0.580562,0.06795752,True,0.348648
vf_f00d3e666fd4,feature_squeezing,0.05,False,True,2,0.24958789,20,0.35518622,0.10559834,0.24958789,True,0.35518622,0.32306185,0.03212437,False,0.35518622,0.29015702,0.0650292,True,0.365158
vf_1c39a9c85e88,feature_squeezing,0.05,True,True,3,0.29587024,30,0.68728435,0.39141411,0.29587024,True,0.68728435,0.56701773,0.12026662,True,0.68728435,0.60963857,0.07764578,True,0.364599
vf_f81d7e10cf7e,feature_squeezing,0.05,True,True,3,0.60102167,30,0.54272401,-0.05829765,0.60102167,True,0.54272401,0.45843172,0.08429229,True,0.54272401,0.46428883,0.07843518,True,0.378428
vf_ed0789be4f11,feature_squeezing,0.05,True,True,3,0.28809091,30,0.54841822,0.26032731,0.28809091,True,0.54841822,0.46601748,0.08240074,True,0.54841822,0.47548193,0.0729363,True,0.366641
vf_ab989c444985,feature_squeezing,0.05,True,True,3,0.60542866,30,0.70715392,0.10172526,0.60542866,True,0.70715392,0.63569069,0.07146323,True,0.70715392,0.61894697,0.08820695,True,0.375044
vf_d78ccb964c5d,feature_squeezing,0.05,True,True,1,0.33077911,10,0.60361546,0.27283636,0.33077911,True,0.60361546,0.55399203,0.04962343,False,0.60361546,0.55805832,0.04555714,False,0.362826
vf_005a59c31dd2,feature_squeezing,0.05,False,True,3,0.24725656,30,0.43157098,0.18431441,0.24725656,True,0.43157098,0.36396903,0.06760195,True,0.43157098,0.3593508,0.07222018,True,0.36181
vf_0a3f1a68dcb2,feature_squeezing,0.05,True,True,2,0.8152812,20,0.64810842,-0.16717277,0.8152812,True,0.64810842,0.61671668,0.03139174,False,0.64810842,0.55791944,0.09018898,True,0.370871
vf_d5c09a946d99,feature_squeezing,0.05,True,True,3,0.49427658,30,0.5710457,0.07676911,0.49427658,True,0.5710457,0.46113718,0.10990852,True,0.5710457,0.49419284,0.07685286,True,0.354453
vf_df4a6b5a2944,feature_squeezing,0.05,True,True,2,0.21648455,20,0.51019263,0.29370809,0.21648455,True,0.51019263,0.44321483,0.0669778,True,0.51019263,0.46790752,0.04228511,False,0.383861
vf_55221d8a3d2e,feature_squeezing,0.05,True,True,3,0.44801304,30,0.50362885,0.05561581,0.44801304,True,0.50362885,0.40841293,0.09521592,True,0.50362885,0.448311,0.05531785,True,0.380126
vf_28b6df51a2aa,feature_squeezing,0.05,True,True,2,0.43477982,20,0.79111671,0.35633689,0.43477982,True,0.79111671,0.74839449,0.04272223,False,0.79111671,0.70015025,0.09096646,True,0.344489
vf_ae41a277e9a0,feature_squeezing,0.05,True,True,2,0.37896872,20,0.49264327,0.11367455,0.37896872,True,0.49264327,0.45012635,0.04251692,False,0.49264327,0.40043753,0.09220573,True,0.352739
vf_dbdb717f5df6,feature_squeezing,0.05,True,True,3,0.70585131,30,0.65513808,-0.05071323,0.70585131,True,0.65513808,0.55706155,0.09807652,True,0.65513808,0.4892388,0.16589928,True,0.36386
vf_d5f84f559f80,feature_squeezing,0.05,True,True,1,0.22694457,10,0.60476285,0.37781829,0.22694457,True,0.60476285,0.58050615,0.02425671,False,0.60476285,0.56426001,0.04050285,False,0.341346
vf_a732bd6e8c7c,feature_squeezing,0.05,True,True,2,0.43191451,20,0.64980322,0.21788871,0.43191451,True,0.64980322,0.60341328,0.04638994,False,0.64980322,0.57247037,0.07733285,True,0.363853
vf_543c2289bc82,feature_squeezing,0.05,True,True,2,0.85764508,20,0.63414782,-0.22349726,0.85764508,True,0.63414782,0.58607417,0.04807365,False,0.63414782,0.53500801,0.09913981,True,0.360589
vf_1da9500923a0,feature_squeezing,0.05,True,True,3,0.54783232,30,0.53175527,-0.01607705,0.54783232,True,0.53175527,0.45791104,0.07384422,True,0.53175527,0.44828179,0.08347347,True,0.338445
vf_e22515667bcb,feature_squeezing,0.05,True,True,2,0.22314203,20,0.54738182,0.32423979,0.22314203,True,0.54738182,0.52644986,0.02093196,False,0.54738182,0.48583162,0.0615502,True,0.34711
vf_4a34c041687a,feature_squeezing,0.05,True,True,3,0.30667762,30,0.48719561,0.18051799,0.30667762,True,0.48719561,0.3960095,0.09118611,True,0.48719561,0.35138774,0.13580787,True,0.377211
vf_b6ab7e6f8ead,feature_squeezing,0.05,True,True,1,0.49160046,10,0.53262955,0.04102909,0.49160046,True,0.53262955,0.50664198,0.02598757,False,0.53262955,0.48611888,0.04651067,False,0.40378
vf_a96c278b9663,feature_squeezing,0.05,True,True,2,0.37739405,20,0.62790024,0.25050619,0.37739405,True,0.62790024,0.59300029,0.03489995,False,0.62790024,0.55289662,0.07500362,True,0.349619
vf_a8d0dc97dd40,feature_squeezing,0.05,True,True,3,0.50698319,30,0.8707397,0.36375651,0.50698319,True,0.8707397,0.82002407,0.05071563,True,0.8707397,0.81340742,0.05733228,True,0.34738
vf_d5f53c32936c,feature_squeezing,0.05,True,True,3,0.6448967,30,0.59837377,-0.04652293,0.6448967,True,0.59837377,0.53745306,0.06092072,True,0.59837377,0.51834887,0.0800249,True,0.350394
vf_23dba30d5fa4,feature_squeezing,0.05,True,True,2,0.43820602,20,0.72498983,0.28678381,0.43820602,True,0.72498983,0.71332574,0.01166409,False,0.72498983,0.63930148,0.08568835,True,0.355809
vf_f8cbca7fab7c,feature_squeezing,0.05,True,True,2,0.60805917,20,0.55340886,-0.05465031,0.60805917,True,0.55340886,0.50022382,0.05318505,True,0.55340886,0.51742238,0.03598648,False,0.346473
vf_aa28d8c1c38b,feature_squeezing,0.05,True,True,3,0.40152584,30,0.5675382,0.16601236,0.40152584,True,0.5675382,0.50269568,0.06484252,True,0.5675382,0.47678319,0.09075502,True,0.359322
vf_04d0d58268c4,feature_squeezing,0.05,False,True,3,0.31099198,30,0.43169305,0.12070107,0.31099198,True,0.43169305,0.37231645,0.0593766,True,0.43169305,0.30140641,0.13028663,True,0.356423
